Alexandra Hills,17558.00,17439.00,17343.00,17255.00,17254.00,17253.00,17306.00,17293.00,17347.00,17363.00,17292.00
Belmont - Gumdale,7114.00,7150.00,7339.00,7551.00,7692.00,7684.00,7766.00,7794.00,7884.00,7918.00,8000.00
Birkdale,14350.00,14448.00,14509.00,14505.00,14701.00,14803.00,14914.00,15046.00,15141.00,15184.00,15213.00
Capalaba,17580.00,17528.00,17497.00,17478.00,17464.00,17495.00,17557.00,17651.00,17680.00,17680.00,17988.00
Thorneside,3531.00,3558.00,3560.00,3598.00,3603.00,3615.00,3672.00,3700.00,3737.00,3822.00,3803.00
Wellington Point,10271.00,10445.00,10620.00,10921.00,11135.00,11254.00,11397.00,11648.00,11739.00,11788.00,11967.00
Cleveland,13822.00,13931.00,14038.00,14343.00,14680.00,14807.00,15033.00,15208.00,15372.00,15496.00,15296.00
Ormiston,5535.00,5582.00,5674.00,5741.00,5805.00,5801.00,5830.00,5922.00,5947.00,6015.00,6060.00
Redland Bay,10156.00,11056.00,11853.00,12718.00,13275.00,13698.00,14038.00,14301.00,14653.00,14808.00,15091.00
Redland Islands,7163.00,7298.00,7617.00,8014.00,8425.00,8688.00,8955.00,9077.00,9162.00,9368.00,9472.00
Sheldon - Mount Cotton,4929.00,4980.00,5258.00,5611.00,6175.00,6406.00,6717.00,6976.00,7194.00,7470.00,7668.00
Thornlands,10180.00,10761.00,11710.00,12245.00,12782.00,13034.00,13294.00,13581.00,13720.00,14086.00,14355.00
Victoria Point,13821.00,13992.00,14199.00,14640.00,14861.00,15000.00,15307.00,15617.00,15885.00,15939.00,16107.00
Brisbane Port - Lytton,7.00,7.00,7.00,7.00,8.00,8.00,8.00,8.00,8.00,8.00,8.00
Manly - Lota,6907.00,7002.00,7080.00,7159.00,7288.00,7361.00,7436.00,7609.00,7681.00,7702.00,7783.00
Manly West,10209.00,10287.00,10390.00,10537.00,10782.00,10915.00,11037.00,11251.00,11386.00,11685.00,11768.00
Murarrie,3435.00,3578.00,3815.00,3995.00,4083.00,4097.00,4152.00,4276.00,4322.00,4434.00,4458.00
Tingalpa,8038.00,8106.00,8297.00,8461.00,8646.00,8737.00,8843.00,8847.00,8916.00,8816.00,8807.00
Wakerley,3421.00,3983.00,4930.00,5927.00,6833.00,7374.00,7960.00,8337.00,8876.00,9386.00,9569.00
Wynnum,11713.00,11945.00,12168.00,12288.00,12575.00,12715.00,12992.00,13252.00,13453.00,13548.00,13652.00
Wynnum West - Hemmant,13791.00,13839.00,13933.00,14141.00,14411.00,14699.00,14825.00,15115.00,15309.00,15466.00,15439.00
Bald Hills,6034.00,6105.00,6299.00,6541.00,7008.00,7143.00,7161.00,7214.00,7532.00,7519.00,7518.00
Bridgeman Downs,7411.00,7504.00,7581.00,7646.00,7835.00,7924.00,7956.00,7940.00,8048.00,8093.00,8115.00
Carseldine,6667.00,6904.00,7112.00,7329.00,7612.00,7814.00,8077.00,8180.00,8468.00,8727.00,8834.00
Everton Park,7848.00,7911.00,8048.00,8161.00,8416.00,8549.00,8619.00,8792.00,8957.00,9141.00,9224.00
McDowall,7130.00,7127.00,7185.00,7232.00,7324.00,7367.00,7391.00,7551.00,7655.00,7644.00,7712.00
Aspley,12210.00,12208.00,12439.00,12570.00,12705.00,12784.00,12859.00,13101.00,13068.00,13169.00,13256.00
Chermside,6474.00,6496.00,6878.00,7317.00,7742.00,8058.00,8578.00,8782.00,9035.00,9191.00,9458.00
Chermside West,6097.00,6091.00,6100.00,6172.00,6295.00,6383.00,6402.00,6551.00,6593.00,6587.00,6744.00
Geebung,4299.00,4300.00,4340.00,4372.00,4408.00,4438.00,4458.00,4544.00,4583.00,4602.00,4679.00
Kedron - Gordon Park,11877.00,12064.00,12140.00,12469.00,12756.00,12943.00,13153.00,13395.00,13513.00,13659.00,13947.00
Stafford,5648.00,5659.00,5733.00,5862.00,6024.00,6165.00,6280.00,6373.00,6506.00,6577.00,6690.00
Stafford Heights,6984.00,6964.00,6962.00,6954.00,6958.00,6974.00,7003.00,7038.00,7187.00,7260.00,7438.00
Wavell Heights,8858.00,9003.00,9184.00,9275.00,9516.00,9663.00,9813.00,10002.00,10111.00,10165.00,10182.00
Boondall,8689.00,8765.00,8783.00,8881.00,8948.00,9000.00,9052.00,9151.00,9428.00,9589.00,9680.00
Brisbane Airport,55.00,55.00,60.00,69.00,79.00,92.00,104.00,97.00,130.00,130.00,130.00
Eagle Farm - Pinkenba,295.00,296.00,296.00,290.00,289.00,289.00,279.00,287.00,298.00,299.00,307.00
Northgate - Virginia,5791.00,5864.00,5996.00,6183.00,6325.00,6432.00,6594.00,6692.00,6860.00,6940.00,7026.00
Nudgee - Banyo,7365.00,7511.00,7727.00,8129.00,8499.00,8779.00,9035.00,9224.00,9448.00,9666.00,9730.00
Nundah,8397.00,8564.00,9073.00,9577.00,10131.00,10575.00,10896.00,11136.00,11268.00,11506.00,11816.00
Bracken Ridge,15650.00,15776.00,16154.00,16723.00,17130.00,17344.00,17390.00,17665.00,17748.00,17889.00,17814.00
Brighton (Qld),8827.00,8818.00,8904.00,9038.00,9171.00,9247.00,9357.00,9411.00,9635.00,9695.00,9798.00
Deagon,3176.00,3185.00,3288.00,3364.00,3450.00,3498.00,3577.00,3622.00,3685.00,3679.00,3700.00
Sandgate - Shorncliffe,6571.00,6639.00,6646.00,6663.00,6702.00,6750.00,6796.00,6866.00,6902.00,7071.00,7079.00
Taigum - Fitzgibbon,7467.00,7830.00,8227.00,8499.00,8719.00,8902.00,9250.00,9736.00,10109.00,10759.00,11500.00
Zillmere,7521.00,7581.00,7614.00,7871.00,7967.00,8158.00,8402.00,8541.00,8856.00,9038.00,9212.00
Camp Hill,9995.00,10135.00,10387.00,10564.00,10645.00,10737.00,10918.00,11091.00,11278.00,11413.00,11517.00
Cannon Hill,4051.00,4175.00,4339.00,4535.00,4627.00,4738.00,4751.00,4870.00,4975.00,5011.00,5145.00
Carina,8846.00,9217.00,9699.00,10049.00,10260.00,10467.00,10707.00,10860.00,11009.00,11033.00,11272.00
Carina Heights,5878.00,5904.00,5952.00,6126.00,6241.00,6290.00,6364.00,6454.00,6541.00,6606.00,6727.00
Carindale,15504.00,15662.00,15706.00,15897.00,16131.00,16196.00,16270.00,16436.00,16473.00,16561.00,16714.00
Annerley,9842.00,10063.00,10283.00,10586.00,10842.00,11046.00,11273.00,11422.00,11583.00,11725.00,11804.00
Coorparoo,14305.00,14349.00,14584.00,14905.00,15194.00,15433.00,15694.00,15931.00,16026.00,16270.00,16367.00
Fairfield - Dutton Park,4013.00,4112.00,4123.00,4156.00,4219.00,4240.00,4287.00,4426.00,4754.00,4818.00,4765.00
Greenslopes,8196.00,8390.00,8581.00,8716.00,8861.00,8977.00,9066.00,9409.00,9527.00,9649.00,9720.00
Holland Park,7647.00,7761.00,7789.00,7864.00,7985.00,8075.00,8163.00,8253.00,8409.00,8508.00,8539.00
Holland Park West,5621.00,5711.00,5814.00,5940.00,6076.00,6136.00,6238.00,6340.00,6402.00,6496.00,6621.00
Woolloongabba,3957.00,4045.00,4119.00,4382.00,4627.00,4787.00,5082.00,5348.00,5741.00,5899.00,6113.00
Yeronga,7723.00,7856.00,8041.00,8220.00,8583.00,8741.00,8848.00,9059.00,9218.00,9283.00,9497.00
Eight Mile Plains,12249.00,12508.00,12933.00,13380.00,14092.00,14414.00,14777.00,15069.00,15413.00,15775.00,15995.00
Macgregor (Qld),5545.00,5576.00,5601.00,5623.00,5691.00,5788.00,5889.00,5906.00,5964.00,5991.00,5994.00
Mansfield (Qld),8530.00,8608.00,8638.00,8681.00,8744.00,8779.00,8835.00,8974.00,9018.00,8948.00,8934.00
Mount Gravatt,13515.00,13710.00,13832.00,14048.00,14284.00,14421.00,14663.00,14833.00,15086.00,15247.00,15368.00
Rochedale - Burbank,4179.00,4182.00,4184.00,4183.00,4194.00,4222.00,4273.00,4372.00,4510.00,4663.00,4988.00
Upper Mount Gravatt,7832.00,8121.00,8521.00,8693.00,8917.00,9085.00,9296.00,9399.00,9475.00,9743.00,9848.00
Wishart,10503.00,10611.00,10701.00,10795.00,10817.00,10823.00,10891.00,11101.00,11051.00,11012.00,11022.00
Coopers Plains,4404.00,4469.00,4539.00,4594.00,4686.00,4742.00,4790.00,4911.00,5026.00,5092.00,5167.00
Moorooka,9262.00,9450.00,9529.00,9781.00,10015.00,10233.00,10396.00,10598.00,10641.00,10797.00,10889.00
Robertson,4958.00,5020.00,5002.00,5003.00,5061.00,5087.00,5147.00,5216.00,5274.00,5287.00,5295.00
Salisbury - Nathan,6708.00,6851.00,6925.00,7023.00,7213.00,7292.00,7452.00,7549.00,7649.00,7670.00,7783.00
Tarragindi,9521.00,9667.00,9752.00,9928.00,10141.00,10238.00,10371.00,10510.00,10632.00,10809.00,10928.00
Algester,7793.00,7969.00,8242.00,8363.00,8417.00,8495.00,8578.00,8612.00,8785.00,8892.00,8999.00
Calamvale - Stretton,14434.00,14881.00,15872.00,17006.00,18235.00,18940.00,19413.00,20130.00,20722.00,21180.00,21644.00
Pallara - Willawong,1187.00,1780.00,2192.00,2596.00,3086.00,3528.00,3896.00,4149.00,4243.00,4402.00,4598.00
Parkinson - Drewvale,11180.00,12173.00,13134.00,13880.00,14705.00,14778.00,14891.00,15229.00,15384.00,15529.00,15791.00
Rocklea - Acacia Ridge,9145.00,9178.00,9179.00,9182.00,9162.00,9135.00,9107.00,9174.00,9233.00,9387.00,9563.00
Kuraby,6796.00,6969.00,7306.00,7622.00,7816.00,7945.00,8077.00,8202.00,8353.00,8501.00,8679.00
Runcorn,12702.00,12898.00,13067.00,13301.00,13552.00,13680.00,13973.00,14277.00,14560.00,14804.00,14908.00
Sunnybank,8117.00,8223.00,8235.00,8248.00,8321.00,8388.00,8559.00,8691.00,8761.00,8853.00,8922.00
Sunnybank Hills,16489.00,16753.00,16741.00,17017.00,17322.00,17499.00,17837.00,18035.00,18244.00,18369.00,18540.00
Jindalee - Mount Ommaney,7548.00,7549.00,7591.00,7599.00,7591.00,7618.00,7626.00,7779.00,7819.00,7866.00,7731.00
Middle Park - Jamboree Heights,7496.00,7541.00,7530.00,7490.00,7461.00,7428.00,7362.00,7413.00,7547.00,7576.00,7466.00
Riverhills,4064.00,4077.00,4087.00,4059.00,4031.00,3997.00,3954.00,3988.00,4058.00,4081.00,4097.00
Seventeen Mile Rocks - Sinnamon Park,8503.00,8885.00,9212.00,9485.00,9717.00,9778.00,9849.00,9996.00,10012.00,10026.00,10162.00
Westlake,4755.00,4787.00,4707.00,4663.00,4645.00,4627.00,4594.00,4630.00,4661.00,4714.00,4673.00
Bellbowrie - Moggill,6752.00,7282.00,7782.00,8350.00,8920.00,9227.00,9357.00,9621.00,9931.00,10196.00,10318.00
Brookfield - Kenmore Hills,7107.00,7148.00,7149.00,7159.00,7197.00,7214.00,7201.00,7217.00,7316.00,7347.00,7373.00
Chapel Hill,10317.00,10335.00,10369.00,10435.00,10526.00,10576.00,10682.00,10771.00,10813.00,10849.00,10933.00
Fig Tree Pocket,3333.00,3425.00,3605.00,3721.00,3821.00,3846.00,3844.00,3920.00,3937.00,4006.00,4054.00
Kenmore,8482.00,8523.00,8615.00,8624.00,8671.00,8772.00,8847.00,8927.00,9025.00,9087.00,9116.00
Pinjarra Hills - Pullenvale,4864.00,4993.00,5130.00,5248.00,5455.00,5541.00,5596.00,5680.00,5753.00,5821.00,5886.00
Chelmer - Graceville,6833.00,6872.00,6871.00,6858.00,6844.00,6842.00,6841.00,6988.00,7113.00,7232.00,7336.00
Corinda,4482.00,4556.00,4683.00,4735.00,4809.00,4866.00,4914.00,5017.00,5065.00,5099.00,5133.00
Indooroopilly,10804.00,11137.00,11353.00,11650.00,11982.00,12202.00,12318.00,12390.00,12420.00,12573.00,12707.00
Sherwood,4806.00,4926.00,4975.00,5204.00,5406.00,5452.00,5481.00,5606.00,5718.00,5795.00,5859.00
St Lucia,10853.00,11135.00,11345.00,11521.00,11718.00,11818.00,11955.00,12423.00,12466.00,12500.00,12683.00
Taringa,7647.00,7863.00,8000.00,8127.00,8241.00,8343.00,8391.00,8452.00,8573.00,8675.00,8739.00
Enoggera,6520.00,6576.00,7006.00,7292.00,7527.00,7755.00,8005.00,8146.00,8294.00,8547.00,8727.00
Enoggera Reservoir,26.00,26.00,26.00,26.00,26.00,26.00,26.00,26.00,26.00,26.00,26.00
Keperra,7212.00,7208.00,7226.00,7237.00,7254.00,7283.00,7298.00,7431.00,7400.00,7368.00,7388.00
Mitchelton,7134.00,7239.00,7407.00,7583.00,7707.00,7854.00,7938.00,8176.00,8372.00,8431.00,8563.00
Mount Coot-tha,0.00,0.00,0.00,0.00,0.00,0.00,0.00,0.00,0.00,0.00,0.00
The Gap,16112.00,16179.00,16216.00,16380.00,16574.00,16659.00,16666.00,16856.00,16971.00,17147.00,17220.00
Upper Kedron - Ferny Grove,8266.00,8405.00,8627.00,8773.00,9018.00,9252.00,9360.00,9457.00,9641.00,9791.00,9923.00
Brisbane City,6685.00,7455.00,8541.00,8668.00,8879.00,9000.00,9356.00,9657.00,9780.00,9889.00,10128.00
Fortitude Valley,4670.00,5082.00,5289.00,5430.00,5441.00,5451.00,5545.00,5562.00,5709.00,5870.00,6051.00
Highgate Hill,5619.00,5735.00,5767.00,5943.00,6039.00,6092.00,6164.00,6302.00,6420.00,6511.00,6599.00
Kangaroo Point,6936.00,7210.00,7255.00,7293.00,7352.00,7397.00,7527.00,7630.00,7790.00,8097.00,8351.00
New Farm,11802.00,12025.00,12109.00,12196.00,12249.00,12349.00,12512.00,12887.00,13343.00,13564.00,13822.00
South Brisbane,4081.00,4412.00,4866.00,5115.00,5325.00,5491.00,5770.00,5911.00,6217.00,6411.00,6698.00
Spring Hill,5052.00,5464.00,5701.00,5826.00,5900.00,5936.00,5987.00,5998.00,6038.00,6034.00,6093.00
West End,6425.00,6567.00,6795.00,7290.00,8012.00,8164.00,8531.00,8748.00,8829.00,9139.00,9413.00
Balmoral,3705.00,3797.00,3873.00,3961.00,3999.00,4019.00,4060.00,4121.00,4159.00,4196.00,4258.00
Bulimba,5064.00,5184.00,5430.00,5745.00,5946.00,6057.00,6245.00,6508.00,6644.00,6872.00,7009.00
East Brisbane,5368.00,5476.00,5685.00,5751.00,5784.00,5817.00,5874.00,5968.00,6079.00,6162.00,6189.00
Hawthorne,4491.00,4561.00,4665.00,4730.00,4917.00,5025.00,5105.00,5302.00,5419.00,5500.00,5609.00
Morningside - Seven Hills,10183.00,10447.00,10832.00,11222.00,11500.00,11742.00,12011.00,12321.00,12736.00,13000.00,13406.00
Norman Park,5593.00,5678.00,5871.00,5986.00,6143.00,6233.00,6280.00,6375.00,6573.00,6605.00,6714.00
Albion,2355.00,2512.00,2547.00,2614.00,2658.00,2692.00,2706.00,2757.00,2786.00,2831.00,2882.00
Alderley,5149.00,5260.00,5332.00,5510.00,5713.00,5795.00,5931.00,6059.00,6091.00,6235.00,6270.00
Ascot,4948.00,5031.00,5120.00,5214.00,5313.00,5351.00,5400.00,5533.00,5598.00,5700.00,5796.00
Clayfield,9792.00,9910.00,9988.00,10193.00,10312.00,10394.00,10474.00,10736.00,10873.00,11026.00,11062.00
Grange,4040.00,4099.00,4159.00,4198.00,4273.00,4301.00,4328.00,4425.00,4431.00,4527.00,4520.00
Hamilton (Qld),4273.00,4577.00,4639.00,4724.00,4819.00,4867.00,4930.00,5132.00,5326.00,5551.00,5628.00
Hendra,4160.00,4258.00,4280.00,4339.00,4469.00,4498.00,4602.00,4749.00,4791.00,4870.00,4859.00
Kelvin Grove - Herston,6051.00,6482.00,6941.00,7383.00,7651.00,7921.00,8296.00,8350.00,8524.00,8983.00,9378.00
Newmarket,4364.00,4414.00,4461.00,4496.00,4556.00,4599.00,4670.00,4785.00,4853.00,5000.00,5028.00
Newstead - Bowen Hills,6238.00,6755.00,7122.00,7357.00,7510.00,7580.00,7790.00,7800.00,8063.00,8161.00,8634.00
Wilston,3706.00,3774.00,3815.00,3865.00,3939.00,4014.00,4077.00,4166.00,4229.00,4284.00,4311.00
Windsor,6240.00,6363.00,6421.00,6527.00,6623.00,6686.00,6762.00,6968.00,7049.00,7181.00,7289.00
Wooloowin - Lutwyche,8362.00,8447.00,8611.00,8672.00,8842.00,9008.00,9103.00,9168.00,9379.00,9451.00,9546.00
Ashgrove,12362.00,12518.00,12816.00,13020.00,13194.00,13335.00,13467.00,13638.00,13848.00,13924.00,13994.00
Auchenflower,5237.00,5344.00,5425.00,5527.00,5605.00,5684.00,5741.00,5877.00,5874.00,5864.00,5855.00
Bardon,8944.00,9057.00,9185.00,9329.00,9464.00,9609.00,9701.00,9845.00,9967.00,10072.00,10242.00
Paddington - Milton,9500.00,9842.00,9977.00,10252.00,10433.00,10582.00,10663.00,10824.00,11294.00,11782.00,11973.00
Red Hill (Qld),5394.00,5505.00,5503.00,5640.00,5761.00,5793.00,5946.00,5981.00,6104.00,6177.00,6311.00
Toowong,10151.00,10370.00,10542.00,10697.00,10922.00,11073.00,11196.00,11237.00,11539.00,11714.00,11741.00
Darra - Sumner,4034.00,4179.00,4254.00,4397.00,4513.00,4599.00,4645.00,4779.00,4849.00,4889.00,5039.00
Durack,6154.00,6243.00,6408.00,6414.00,6484.00,6629.00,6790.00,7099.00,7422.00,7736.00,7939.00
Forest Lake - Doolandella,22882.00,23338.00,24146.00,24886.00,25321.00,25723.00,26368.00,27165.00,27678.00,28181.00,28743.00
Inala - Richlands,14092.00,14363.00,14470.00,14769.00,15183.00,15598.00,15960.00,16536.00,17250.00,17524.00,18037.00
Oxley (Qld),6486.00,6585.00,6696.00,6813.00,6991.00,7141.00,7251.00,7470.00,7595.00,7689.00,7852.00
Wacol,4894.00,4610.00,4644.00,4755.00,4888.00,5111.00,5176.00,5183.00,5484.00,5839.00,6205.00
Boonah,10235.00,10419.00,10539.00,10741.00,11004.00,11160.00,11168.00,11223.00,11350.00,11677.00,11679.00
Esk,4465.00,4589.00,4677.00,4703.00,4812.00,4844.00,4874.00,4912.00,5015.00,5040.00,5002.00
Lake Manchester - England Creek,0.00,0.00,0.00,0.00,0.00,0.00,0.00,0.00,0.00,0.00,0.00
Lockyer Valley - East,14870.00,15518.00,15977.00,16492.00,17147.00,17583.00,18048.00,18402.00,19235.00,19617.00,19948.00
Lowood,10379.00,10702.00,10852.00,11131.00,11511.00,11988.00,12320.00,12596.00,13036.00,13539.00,13553.00
Rosewood,10820.00,10868.00,11047.00,11285.00,11624.00,11909.00,12042.00,12086.00,11766.00,11780.00,11967.00
Brassall,7240.00,7632.00,8002.00,8355.00,8913.00,9145.00,9454.00,9826.00,10064.00,10322.00,10590.00
Bundamba,7471.00,7524.00,7570.00,7625.00,7764.00,7959.00,8085.00,8258.00,8452.00,8610.00,8778.00
Churchill - Yamanto,5454.00,5516.00,5534.00,5738.00,5865.00,5990.00,6106.00,6254.00,6377.00,6591.00,6739.00
Ipswich - Central,6348.00,6306.00,6430.00,6572.00,6636.00,6752.00,6857.00,6952.00,7075.00,7183.00,7271.00
Ipswich - East,16606.00,16669.00,16746.00,16827.00,17107.00,17276.00,17444.00,17781.00,18077.00,18232.00,18533.00
Ipswich - North,3587.00,3686.00,3739.00,3859.00,4056.00,4220.00,4422.00,4568.00,4718.00,4789.00,4862.00
Karalee - Barellan Point,4363.00,4462.00,4570.00,4753.00,4883.00,4976.00,4985.00,5074.00,5190.00,5223.00,5272.00
Karana Downs,5638.00,5773.00,5881.00,5977.00,6142.00,6182.00,6162.00,6248.00,6315.00,6328.00,6447.00
Leichhardt - One Mile,6132.00,6215.00,6269.00,6284.00,6505.00,6607.00,6911.00,7154.00,7317.00,7383.00,7544.00
North Ipswich - Tivoli,6079.00,6114.00,6161.00,6284.00,6428.00,6488.00,6526.00,6603.00,6635.00,6689.00,6797.00
Raceview,11298.00,11820.00,12453.00,13260.00,13918.00,14467.00,14635.00,15045.00,15327.00,15416.00,15612.00
Ripley,2468.00,2579.00,2654.00,2766.00,2865.00,2889.00,2920.00,2955.00,3051.00,3208.00,3400.00
Riverview,3367.00,3407.00,3390.00,3367.00,3348.00,3372.00,3409.00,3476.00,3505.00,3530.00,3570.00
Bellbird Park - Brookwater,4745.00,5025.00,5589.00,6019.00,6876.00,7716.00,8689.00,9241.00,9878.00,10742.00,11334.00
Camira - Gailes,9250.00,9274.00,9290.00,9297.00,9306.00,9331.00,9357.00,9421.00,9677.00,9896.00,10245.00
Carole Park,0.00,0.00,0.00,4.00,7.00,11.00,15.00,15.00,0.00,0.00,0.00
Collingwood Park - Redbank,5928.00,6502.00,7031.00,7364.00,7740.00,7918.00,7993.00,8519.00,8891.00,9046.00,9209.00
Goodna,7558.00,8128.00,8538.00,8843.00,9211.00,9394.00,9649.00,9952.00,10455.00,10841.00,11176.00
New Chum,0.00,0.00,0.00,0.00,0.00,0.00,0.00,0.00,0.00,0.00,0.00
Redbank Plains,9406.00,9530.00,10275.00,11303.00,12723.00,13925.00,15376.00,16681.00,17448.00,18438.00,19269.00
Springfield,5459.00,5870.00,6196.00,6604.00,6762.00,6845.00,6867.00,7013.00,7243.00,7396.00,7619.00
Springfield Lakes,3853.00,4969.00,6745.00,8110.00,9223.00,10036.00,10548.00,10990.00,11830.00,12756.00,13328.00
Beaudesert,11063.00,11314.00,11566.00,11807.00,12223.00,12512.00,12705.00,12871.00,13159.00,13577.00,13735.00
Beenleigh,8271.00,8337.00,8324.00,8347.00,8380.00,8421.00,8532.00,8751.00,8810.00,8877.00,8917.00
Eagleby,9098.00,9379.00,9820.00,10436.00,11131.00,11842.00,12316.00,12954.00,13508.00,13940.00,14164.00
Edens Landing - Holmview,5897.00,6128.00,6186.00,6318.00,6468.00,6628.00,6765.00,6913.00,7145.00,7417.00,7577.00
Mount Warren Park,5896.00,6029.00,5987.00,5964.00,5944.00,5918.00,5879.00,6003.00,6054.00,6090.00,6227.00
Wolffdene - Bahrs Scrub,4920.00,5035.00,5088.00,5161.00,5282.00,5341.00,5479.00,5788.00,5992.00,6131.00,6287.00
Boronia Heights - Park Ridge,11284.00,11670.00,11733.00,11886.00,11961.00,12091.00,12145.00,12429.00,12532.00,12653.00,12757.00
Browns Plains,5478.00,5636.00,5909.00,6188.00,6338.00,6501.00,6890.00,7047.00,7228.00,7377.00,7455.00
Chambers Flat - Logan Reserve,3624.00,3760.00,3801.00,3849.00,3873.00,3897.00,3901.00,4013.00,4130.00,4197.00,4384.00
Crestmead,10041.00,10449.00,10947.00,11263.00,11531.00,11584.00,11559.00,11944.00,12306.00,12547.00,12774.00
Greenbank Military Camp,0.00,0.00,0.00,0.00,0.00,0.00,0.00,0.00,0.00,0.00,0.00
Hillcrest,7277.00,7261.00,7422.00,7499.00,7647.00,7775.00,8020.00,8098.00,8292.00,8445.00,8518.00
Marsden,8977.00,9346.00,9627.00,10097.00,10708.00,10984.00,11759.00,12426.00,13069.00,13485.00,13890.00
Munruben - Park Ridge South,4787.00,4811.00,4809.00,4799.00,4793.00,4784.00,4753.00,4752.00,4681.00,4666.00,4643.00
Regents Park - Heritage Park,14195.00,14579.00,15044.00,15507.00,15968.00,16196.00,16098.00,16369.00,16483.00,16582.00,16646.00
Greenbank,9128.00,9438.00,9947.00,10577.00,11117.00,11583.00,12087.00,12395.00,12636.00,12882.00,12995.00
Jimboomba,16181.00,16733.00,17616.00,18384.00,19224.00,19666.00,20221.00,20694.00,21043.00,21326.00,22081.00
Logan Village,5753.00,5831.00,5800.00,5843.00,5944.00,6002.00,6025.00,6031.00,6259.00,6385.00,6629.00
Bethania - Waterford,5677.00,5974.00,6329.00,6768.00,7748.00,8355.00,8804.00,9241.00,9389.00,9614.00,9883.00
Cornubia - Carbrook,8019.00,8166.00,8217.00,8253.00,8288.00,8332.00,8372.00,8441.00,8455.00,8530.00,8720.00
Loganholme - Tanah Merah,10255.00,10263.00,10355.00,10506.00,10709.00,10899.00,11137.00,11258.00,11254.00,11246.00,11251.00
Loganlea,8359.00,8542.00,8789.00,9044.00,9251.00,9479.00,9655.00,9913.00,10263.00,10497.00,10686.00
Shailer Park,11493.00,11583.00,11613.00,11631.00,11666.00,11693.00,11728.00,11781.00,11902.00,11962.00,11984.00
Waterford West,6050.00,6214.00,6581.00,6911.00,7026.00,7119.00,7259.00,7610.00,7816.00,7889.00,8158.00
Daisy Hill,6229.00,6234.00,6224.00,6244.00,6305.00,6414.00,6502.00,6643.00,6681.00,6747.00,6702.00
Kingston,9610.00,9676.00,9778.00,10002.00,10308.00,10413.00,10572.00,10718.00,11045.00,11171.00,11101.00
Logan Central,6063.00,6174.00,6111.00,6157.00,6271.00,6279.00,6431.00,6499.00,6716.00,6692.00,6619.00
Rochedale South - Priestdale,15385.00,15482.00,15512.00,15551.00,15594.00,15618.00,15653.00,15887.00,16056.00,16231.00,16426.00
Slacks Creek,10084.00,10134.00,10235.00,10332.00,10462.00,10694.00,10810.00,10920.00,11092.00,11219.00,11018.00
Springwood,9355.00,9359.00,9303.00,9282.00,9269.00,9295.00,9322.00,9418.00,9404.00,9503.00,9560.00
Underwood,4437.00,4680.00,4823.00,5038.00,5208.00,5346.00,5580.00,5800.00,6175.00,6458.00,6756.00
Woodridge,12082.00,12213.00,12480.00,12791.00,12958.00,13040.00,13220.00,13370.00,13898.00,13941.00,13873.00
Beachmere - Sandstone Point,10956.00,11495.00,12108.00,12722.00,13175.00,13521.00,13846.00,14216.00,14544.00,14832.00,14934.00
Bribie Island,15826.00,16194.00,16513.00,16809.00,17220.00,17484.00,17609.00,17900.00,18017.00,18125.00,18189.00
Burpengary - East,3476.00,3572.00,3596.00,3678.00,3744.00,3778.00,3772.00,3765.00,3840.00,3856.00,3923.00
Caboolture,17739.00,18229.00,18890.00,20022.00,20909.00,22040.00,22993.00,24030.00,24847.00,25482.00,26036.00
Caboolture - South,12902.00,13235.00,14445.00,15542.00,16860.00,18087.00,19108.00,19910.00,20316.00,20739.00,21022.00
Elimbah,3346.00,3458.00,3573.00,3616.00,3779.00,3810.00,3813.00,3828.00,3854.00,3867.00,3889.00
Morayfield - East,5875.00,6098.00,6282.00,6561.00,6909.00,7187.00,7384.00,7654.00,7897.00,8046.00,8153.00
Wamuran,3137.00,3227.00,3268.00,3332.00,3472.00,3605.00,3689.00,3734.00,3741.00,3796.00,3907.00
Kilcoy,4241.00,4317.00,4390.00,4532.00,4748.00,4885.00,5006.00,5063.00,5205.00,5361.00,5450.00
Woodford - D`Aguilar,6066.00,6323.00,6285.00,6349.00,6508.00,6610.00,6678.00,6928.00,7262.00,7560.00,7793.00
Burpengary,11942.00,12121.00,12142.00,12510.00,12791.00,13186.00,13343.00,13430.00,13373.00,13476.00,13736.00
Deception Bay,20268.00,20717.00,21438.00,21828.00,22092.00,22368.00,22451.00,22681.00,22799.00,22963.00,23153.00
Morayfield,4672.00,4827.00,4858.00,4886.00,4917.00,4953.00,4980.00,5012.00,5129.00,5176.00,5203.00
Narangba,12131.00,12886.00,14063.00,15108.00,15896.00,16377.00,16695.00,17227.00,17784.00,18207.00,18561.00
Upper Caboolture,2529.00,2604.00,2677.00,2774.00,2845.00,2882.00,2902.00,3005.00,3096.00,3163.00,3215.00
Clontarf,7723.00,7703.00,7696.00,7785.00,7918.00,8094.00,8155.00,8193.00,8290.00,8376.00,8433.00
Margate - Woody Point,10666.00,10739.00,10955.00,11127.00,11291.00,11462.00,11566.00,11658.00,11672.00,11780.00,11837.00
Redcliffe,8970.00,9060.00,9129.00,9093.00,9178.00,9249.00,9489.00,9716.00,9817.00,9910.00,9835.00
Rothwell - Kippa-Ring,13889.00,14146.00,14773.00,15671.00,16263.00,16754.00,17172.00,17162.00,17244.00,17450.00,17720.00
Scarborough - Newport,10456.00,10646.00,11041.00,11256.00,11570.00,11662.00,11619.00,11846.00,12009.00,12075.00,12174.00
Albany Creek,16164.00,16363.00,16386.00,16383.00,16389.00,16419.00,16458.00,16460.00,16531.00,16531.00,16580.00
Cashmere,9922.00,10741.00,12008.00,12979.00,14302.00,15200.00,15868.00,16483.00,16980.00,17613.00,18142.00
Dayboro,6532.00,6773.00,7225.00,7417.00,7695.00,7810.00,7892.00,8050.00,8197.00,8354.00,8538.00
Eatons Hill,7258.00,7431.00,7556.00,7772.00,8031.00,8169.00,8255.00,8255.00,8229.00,8183.00,8161.00
Hills District,22759.00,22782.00,22879.00,23019.00,23193.00,23353.00,23530.00,23947.00,24135.00,24253.00,24418.00
Samford Valley,10005.00,10284.00,10641.00,10908.00,11101.00,11176.00,11273.00,11396.00,11540.00,11647.00,11686.00
Dakabin - Kallangur,16865.00,17312.00,17864.00,18783.00,19919.00,20573.00,21014.00,21812.00,22560.00,23428.00,24547.00
Murrumba Downs - Griffin,8134.00,8457.00,9173.00,9828.00,10422.00,11179.00,12041.00,12687.00,13260.00,13838.00,14543.00
North Lakes - Mango Hill,7968.00,9157.00,11556.00,13758.00,15875.00,17865.00,19794.00,21881.00,23784.00,26025.00,28556.00
Bray Park,9145.00,9244.00,9522.00,9867.00,9997.00,10248.00,10360.00,10601.00,10708.00,10749.00,10869.00
Lawnton,5658.00,5754.00,5786.00,5853.00,5888.00,5904.00,5921.00,5985.00,6091.00,6226.00,6356.00
Petrie,8775.00,8796.00,8824.00,8817.00,8824.00,8817.00,8795.00,8931.00,8920.00,8956.00,8895.00
Strathpine - Brendale,11331.00,11339.00,11393.00,11446.00,11474.00,11535.00,11586.00,11950.00,12144.00,12288.00,12478.00
